H0_interval__,Om_interval__,H0,Om
0.03705689345667823,0.004155896603061621,68.24084224744999,0.2753636404293841
0.04060245634683973,-0.05927730853080743,68.263879715467,0.2698147537408694
0.039798886918441786,-0.034197719434803715,68.25865862398035,0.2720079911359828
0.039277220778153696,-0.037548342259277334,68.25526911892773,0.27171490600839143
0.03800873925176535,-0.03585719788492476,68.24702706658799,0.2718628313094502
0.03690905745258945,-0.03173194237140461,68.23988164192606,0.2722236879980459
0.03665117022639746,-0.03109392522944022,68.2382059417341,0.272279500727747
0.036101566205831055,-0.027209707690163103,68.23463469715671,0.2726192974583348
0.03609931007103353,-0.026543584981621217,68.23462003705745,0.27267757267032533
0.034838774030920526,-0.02640093432535895,68.22642912948663,0.27269005241622457
0.03229480794866955,-0.02038220550800838,68.20989800914191,0.2732166187574335
0.032628507165290324,-0.01987389625858024,68.2120664827325,0.2732610913119818
0.03251375722551447,-0.01897968185730571,68.21132080590979,0.2733393276889533
0.03205742037651195,-0.018129892138862423,68.20835538922864,0.2734136778886912
0.029692284828610298,-0.01488167350627082,68.19298567306912,0.2736978775992379
0.029854158070839937,-0.012608911089069346,68.1940376160035,0.27389673489651806
0.029266532735930786,-0.01088343424951742,68.19021888562983,0.2740477089029872
0.028953745428352648,-0.006653024125957585,68.18818619878994,0.2744178625362265
0.028028500301005912,-0.006923462479453804,68.18217332588043,0.2743941994529329
0.027587527824401378,-0.003586597679809893,68.17930755884393,0.2746861730394308
0.026699517633480243,-0.004010702732571673,68.17353655573966,0.2746490639813219
0.025884905598808683,-0.0025587953329390383,68.1682424925607,0.27477610553052895
0.025413618058017715,0.004055541887397297,68.16517962734032,0.2753548594287705
0.025072512734405063,0.0005316897418295441,68.16296279590905,0.27504652285131415
0.02434129441141146,0.003847937679346984,68.15821060212112,0.27533669413150097
0.023399318946613772,0.0039020238860148363,68.15208863381591,0.2753414266568189
0.022641154611580616,0.006516637644274099,68.14716121852392,0.27557020377599234
0.021527817425867263,0.010502435542454305,68.13992540930984,0.27591895466316707
0.02087763937131098,0.012283381755363114,68.13569972693011,0.2760747823898996
0.01977146561614326,0.014201328037435701,68.12851034019165,0.27624259531969675
0.019421571999151732,0.016595430295146527,68.12623625002004,0.27645206682503953
0.017678620145877084,0.018566967582638566,68.11490803824512,0.2766245629938062
0.0173690987706083,0.025489007120566107,68.11289630375754,0.2772301673813323
0.016608567280944498,0.022278906832157008,68.10795320581263,0.2769493237196288
0.014709608807784439,0.02583852301708195,68.09561073329498,0.27726074498710007
0.012278475739385257,0.0342998916406336,68.0798090896339,0.27800094631090605
0.011562124118260266,0.038452892973654645,68.07515296954948,0.2783642136112203
0.011133913528494927,0.04004470824233684,68.07236969033355,0.2785034438130724
0.010354332611940702,0.04054407812166137,68.06730256067404,0.27854712094592315
0.010236251072980661,0.04432047728910342,68.06653505100887,0.278877407082826
0.009536261405373092,0.04257265926019876,68.06198522938945,0.27872454516206846
0.007570504020470755,0.04634640569983239,68.0492080411135,0.2790545847576529
0.006862679296478122,0.04941116032101574,68.04460724035734,0.27932259710888224
0.0049279930626694906,0.0528535658885977,68.03203189008254,0.2796236107275349
0.005701062190350676,0.053267419624868535,68.03705680386864,0.2796597974531827
0.005158205462425004,0.055284794818966185,68.03352826116503,0.279836187828921
0.00506329611987614,0.05780685585567161,68.03291135446695,0.2800566918319401
0.004689504287506709,0.057140988632312525,68.03048172200738,0.2799984765386103
0.003975723000110703,0.05796359312890097,68.02584216546148,0.2800703948614526
0.0035880349142324813,0.05826225830263888,68.02332220192169,0.2800965060128299
0.0022743385796717714,0.06045788453213992,68.01478319439555,0.28028845415102893
0.0015308400464646762,0.06518535187405983,68.0099504583588,0.28070169949336693
0.0012518318395888435,0.06736636095395286,68.00813690589473,0.28089232835856665
0.0006782901275908639,0.06665547339169633,68.00440888566031,0.2808301954749811
0.00028156781524915674,0.06972737369166612,68.00183019078703,0.28109867446606385
-0.0006385932487517495,0.0697020319151751,67.99584914402418,0.2810964597526651
-0.0013150109360408834,0.07274638749761983,67.99145243014748,0.2813625032699877
-0.002024746484504115,0.0740981985886966,67.9868391523469,0.2814806274674831
-0.002038804695093272,0.07501988466860089,67.98674777407238,0.281561163020888
-0.002846042828441234,0.07509535990378866,67.98150073410207,0.2815677578114249
-0.0032754602054021,0.08027455550744905,67.9787095276997,0.2820202541327623
-0.00415892832389065,0.07849844445096175,67.9729670048598,0.28186508902492546
-0.004318023139262605,0.07991509218749242,67.97193289320481,0.2819888514826998
-0.004369277949146844,0.08003861347490167,67.97159973851201,0.28199964233077796
-0.006162945706956257,0.08325283792403804,67.95994097969785,0.2822804187342625
-0.005174965679401862,0.0832323259636444,67.96636279815164,0.28227862704332407
-0.006480124020848849,0.08469983987334832,67.95787934125863,0.2824068084424936
-0.007837212039507536,0.09045268837871899,67.94905838248715,0.2829092184046731
-0.008476777609232735,0.09051419660044886,67.94490127546965,0.28291458937320146
-0.008611376423347035,0.09204103033191688,67.9440263991451,0.2830479094329583
-0.010634356868218528,0.0953005383959625,67.93087733177629,0.28333249162288626
-0.010031789594337873,0.09590897166827339,67.93479391448022,0.2833856080666791
-0.012190746646549467,0.098538866147374,67.92076112813082,0.2836151808645374
-0.013597833286503403,0.10352399012440308,67.91161544550009,0.28405026777265463
-0.013418071231464686,0.10418353919442715,67.91278384555828,0.28410782298428977
-0.014384753628452766,0.1062151298640431,67.90650071365772,0.2842850962338962
-0.015074040724691753,0.11021146222982199,67.90202059057732,0.28463375349975695
-0.015491871397429698,0.11145995525005942,67.89930484979554,0.2847426618204231
-0.016405521215857186,0.11283608556502767,67.89336650370781,0.28486269540159337
-0.016663718758362384,0.11364165198516085,67.89168833438669,0.2849329569798363
-0.017219421039189827,0.11640488731489183,67.88807652875295,0.2851739420744754
-0.017940986453233256,0.11687736720792792,67.88338671598443,0.28521514376714074
-0.01922933565335145,0.12164166256365078,67.8750131695669,0.28563054063431825
-0.020731125755134375,0.12277054905717981,67.8652525085337,0.2857289503216728
-0.020967646013806386,0.12573742601539456,67.86371529391577,0.28598755258007924
-0.0212585190599277,0.12584276196154368,67.86182482980152,0.2859967331112283
-0.02201522679509629,0.12760607540495641,67.8569068052026,0.2861504052433619
-0.02213670380638147,0.13330114945269117,67.85611730082428,0.2866466097742992
-0.024073479830972994,0.13245660033462126,67.84352993764865,0.2865730369706771
-0.02372932860586329,0.13304847650870777,67.84576660115248,0.28662459863088435
-0.026261008579113933,0.13724554925102686,67.82931325349847,0.28699017055387843
-0.02718256326520815,0.14629485032100462,67.82332421733197,0.28777801773838874
-0.028029382761179267,0.14400105998922957,67.81782093925489,0.2875783645234429
-0.029075892712916284,0.1498768376827134,67.81102001093738,0.28808972951051587
-0.029319984480690894,0.14969786110823285,67.80943375255193,0.2880741565732762
-0.03054808043984701,0.15148033385307128,67.80145291700111,0.2882292420442664
-0.030481266885716507,0.15198664719796157,67.80188710402227,0.2882732904427707
-0.031533290496136575,0.1536444225149865,67.79505059408666,0.2884175022056784
-0.034002099730786106,0.1580998961703448,67.77900764289959,0.28880499756355227
-0.03651523337716227,0.1669613294621416,67.76267735221779,0.2895752735837674
-0.03630177063538716,0.16771618564180352,67.76406440032677,0.2896408632614502
-0.036977097909808326,0.16877477205947566,67.75967624596687,0.2897328371683221
-0.03767106838532883,0.17364792687281339,67.75516700854374,0.2901561284046772
-0.0385934399578262,0.17375310853760895,67.74917377233712,0.29016526272703747
-0.03931307887290965,0.1756817620177523,67.74449789340751,0.29033273853987535
-0.04165201466573838,0.1800450530425523,67.7293010396251,0.2907115227043664
-0.04068938999456134,0.1810533192508247,67.73555544914488,0.29079903090809817
-0.04197898241307911,0.18197715177718352,67.72717667803806,0.2908792040557615
-0.04412819478358428,0.188690041502356,67.71321327065492,0.2914615662159703
-0.04453155683673719,0.19011199065667053,67.71059270497237,0.2915848775727947
-0.045063851654186554,0.19143806208473282,67.70713452396859,0.2916998594472207
-0.04565948602792394,0.19535938560280297,67.70326489152652,0.29203978664853325
-0.046727003314339065,0.19593764117338824,67.69632972957683,0.2920899028872169
-0.047961767212915424,0.20013199936542786,67.68830826034268,0.2924533341948155
-0.04829206446079297,0.20150492245643825,67.68616257093764,0.29257226189504815
-0.048634815931121435,0.20337129462934464,67.68393599403495,0.29273390767615237
-0.048630391834850274,0.20428854186877532,67.68396473366413,0.2928133389225996
-0.04945908999947295,0.20419750865229727,67.67858143354947,0.2928054560116663
-0.049579322193685264,0.20447191578762008,67.67780040318641,0.2928292177428219
-0.051510564053483525,0.2078984329235966,67.66525534627775,0.29312587385035904
-0.05160133356932987,0.21106562363375184,67.6646657363098,0.2933999847850668
-0.05164134665693828,0.21307288268098978,67.66440582442968,0.2935736599192847
-0.052765255037333966,0.21318912480977298,67.65710539503307,0.2935837164683417
-0.05295861373143132,0.21451005298617046,67.65584944113117,0.2936979862569323
-0.053104353629992655,0.21540242055559386,67.65490279751744,0.29377517334923575
-0.05365437104108733,0.2165592446763175,67.65133022985171,0.2938752241291673
-0.0542023153082997,0.21723996346821425,67.64777118043004,0.29393409193878123
-0.05427609883982826,0.22043308657656255,67.6472919400299,0.29421017161736934
-0.055240314926866735,0.21969124467236384,67.6410292313807,0.2941460400208325
-0.05643842420174508,0.2223125984875066,67.63324758876152,0.2943726303952394
-0.05643163598382402,0.2254258677100334,67.63329167706434,0.2946416565726488
-0.05753516054163016,0.22560698579353683,67.6261245872727,0.2946573046047439
-0.057762509848622225,0.22826586482072292,67.62464804390035,0.2948869866097475
-0.058528666447515684,0.23027690118871666,67.61967223294486,0.2950606599617929
-0.05885368753767738,0.23047331843088298,67.61756141414556,0.2950776204389
-0.059809325340554845,0.2326058751922783,67.6113552319407,0.29526174039958525
-0.05969048989010693,0.23309362653326104,67.61212697337429,0.2953038453364277
-0.06000544122645206,0.23413689236685387,67.61008162173837,0.2953938968321088
-0.061651965633457054,0.23632632956429098,67.59938910767194,0.29558284666025103
-0.06087119056864297,0.23720374174835557,67.60445938687566,0.29565855426132254
-0.06155053822889088,0.23907932828114137,67.60004776075381,0.2958203631079194
-0.06163784181144091,0.24071255672691425,67.5994808253535,0.29596123406737596
-0.061653790924337426,0.2402819588764186,67.59937725454844,0.29592409635035455
-0.06247317036575838,0.24017479683169538,67.59405641370269,0.2959148536620985
-0.062279451083095835,0.24019784237477312,67.59531436503167,0.29591684134198804
-0.06281549656069267,0.24344010642346145,67.59183347503084,0.2961964320642028
-0.06289883442474985,0.24355268472338704,67.59129231362589,0.296206138084514
-0.06342815695028435,0.24410945667326142,67.58785514662361,0.29625413863674405
-0.06359387770747804,0.24473129553406006,67.58677904721918,0.29630774491535616
-0.06385110686885404,0.2459174706519782,67.58510875382633,0.29640998913643457
-0.06449408596444849,0.24605711325519236,67.58093368957228,0.2964220248744065
-0.06466731591371402,0.24663364973388358,67.57980886812433,0.29647171413463813
-0.06534355016013271,0.25034869347860617,67.5754179858428,0.2967918135308098
-0.06539202869884178,0.25063267750584867,67.57510321171432,0.2968162763884155
-0.06569287089466568,0.25142413760763255,67.57314983603028,0.29688444950806525
-0.06617885004378825,0.2522732071017071,67.56999440241083,0.2969575773617361
-0.06708677700692148,0.2531241704248262,67.56409942299952,0.2970308605090083
-0.0689884540963492,0.2568785099649582,67.55175281683059,0.29735408216516673
-0.06976621797949725,0.26124544604439837,67.54670343003683,0.29772984887021414
-0.07003776148995486,0.26179939778392053,67.5449405515816,0.29777750022632815
-0.0698418219043147,0.2619567839626281,67.5462126026699,0.297791038080464
-0.07027430627960969,0.26397546169601094,67.54340490079382,0.29796465360233
-0.0712252235120057,0.2653686960847908,67.53723166719743,0.2980844513337683
-0.07285183872322883,0.26861563807180194,67.52667237432506,0.298363555115359
-0.07275122896653896,0.2699909547942082,67.52732547199638,0.2984817395327451
-0.0726775569224136,0.2701709951412448,67.52780370785052,0.2984972092395714
-0.0734405981460989,0.27096505603516574,67.52285055242322,0.2985654333101457
-0.0734458978238462,0.27193453115446514,67.52281615092836,0.2986487187164964
-0.07467153045910628,0.2738041887875571,67.51486045267517,0.29880930591650195
-0.07485637634746266,0.2754375360081366,67.51366063182711,0.29894956270632556
-0.07646001581254032,0.27968215982752626,67.50325187831629,0.29931390481261505
-0.07654043018189056,0.28052248720643075,67.50272994890786,0.29938600989353237
-0.07704447698644716,0.2818092406668248,67.49945847010994,0.2994964046136413
-0.0779736904181702,0.2840307846291161,67.4934276452309,0.2996869511750403
-0.0778868463325176,0.2843926625693897,67.4939912756047,0.2997179845740605
-0.0779721029152185,0.2875175699805065,67.49343794833202,0.29998589962252636
-0.07885198562161641,0.2872407113555106,67.48772749294105,0.29996216785681695
-0.07984352048084502,0.2901845244560499,67.48129265035101,0.30021445744063213
-0.079935536232471,0.2906120876038598,67.48069550127403,0.30025109142613754
-0.07998810308734547,0.29057202251499126,67.48035436230946,0.3002476587101011
-0.08002583975866182,0.29105579792454667,67.4801094660573,0.3002891065258725
-0.08039635090442687,0.29175244971988157,67.47770501314486,0.30034878759162986
-0.08055419475969453,0.2921549129835601,67.47668068743374,0.3003832632440813
-0.0813613517790562,0.29532500876826656,67.47144275413201,0.30065474819712984
-0.08196299076653073,0.29633026393437406,67.46753861325678,0.30074081131860814
-0.08219638092013104,0.29869072187097445,67.46602412949011,0.30094284760831963
-0.08264671180405418,0.2987387819811485,67.4631019443953,0.300946960436278
-0.08346489580491678,0.30024298746012745,67.45779290951238,0.3010756706144139
-0.08443473348672927,0.3019078429878284,67.45150005854566,0.3012180934808868
-0.08459630422368947,0.3042331472777857,67.45045172190441,0.30141695605687824
-0.0845704830816277,0.30603620121312713,67.45061925949346,0.3015711071955153
-0.08448731782195251,0.30425980915846534,67.45115886921113,0.3014192358064446
-0.08526169831315178,0.30547467870953204,67.44613445009365,0.3015231046405846
-0.08517466990358834,0.30555493460757466,67.44669910897736,0.30152996568129126
-0.08605595233494018,0.3084467799887255,67.44098125760375,0.30177713238972703
-0.08675960418027649,0.3101739113827858,67.43641604727141,0.3019246986260478
-0.08718512123436961,0.3107470581567151,67.43365541021883,0.3019736596753306
-0.08756455275681002,0.3115902032270268,67.43119380651359,0.3020456774591448
-0.08861183898149286,0.31457401876269514,67.42439963462806,0.30230046647554437
-0.09072760238245677,0.31884034839404835,67.41067478150315,0.30266456356923377
-0.09216699563998026,0.3239292413080403,67.40133825875823,0.30309853856694857
-0.09233089973717477,0.3279417885846189,67.40027514546998,0.3034404743661821
-0.09289333679841014,0.32777385008644605,67.39662713244442,0.303426167663337
-0.09284434165994117,0.3277432406072409,67.39694491516296,0.3034235599957043
-0.09292823218854226,0.3278957742843511,67.39640080120627,0.3034365544406917
-0.09324085526879627,0.32919420863652726,67.39437314663215,0.3035471558692205
-0.0940177454256675,0.32967019452259283,67.3893344116945,0.3035876947739604
-0.09444140464706695,0.33162489068573286,67.38658673059138,0.3037541398102938
-0.09485065868565128,0.3333211120861443,67.38393252779004,0.30389853206450496
-0.09499906291935127,0.3335344522065504,67.38297007001154,0.3039166899602614
-0.09501160661215721,0.3345586581249736,67.38288871971363,0.30400385369382255
-0.09569448757663082,0.3350974068319725,67.37846006766847,0.3040496972776311
-0.09564746017764805,0.33515332300833506,67.37876504736454,0.30405445510150186
-0.0967483552225671,0.3371941759711599,67.37162575930294,0.3042280779488202
-0.09670407924054289,0.33859235887991934,67.37191288108727,0.3043469923624466
-0.09679916104945467,0.339245811918262,67.37129629340562,0.3044025585031098
-0.09683510736555669,0.3395492525003948,67.3710631890321,0.3044283593888575
-0.09779207657991336,0.3403468662420975,67.36485759250358,0.3044961724509716
-0.09808658500043249,0.3448028789531628,67.36294787100134,0.304874854048074
-0.09891821415008029,0.3435830540651193,67.35755537266476,0.30477121917025823
-0.099090914151313,0.3458270963889498,67.35643556895162,0.3049618536855912
-0.09960548503490738,0.3467672462283178,67.35309909779693,0.3050416989804801
-0.09971656891118169,0.3476206845148597,67.3523788425336,0.3051141688569302
-0.10052358832253348,0.3487472048960914,67.3471463400782,0.3052098112532203
-0.10062904653572614,0.3504793936397258,67.34646259227975,0.30535683902891564
-0.101086700802857,0.3513191128943175,67.34349539177633,0.30542809831831486
-0.10110517673198516,0.3514127535984887,67.34337560456572,0.30543604410369324
-0.10140149779883209,0.35193082497509753,67.34145444588718,0.3054800021767545
-0.10141295137478877,0.35203922481489464,67.34138018871164,0.3054891993423031
-0.10219833929918452,0.3532718930839444,67.33628837205988,0.30559377263730336
-0.10264273843819748,0.3578753886516199,67.33340733975842,0.30598410995507136
-0.10303093346367358,0.35715157728398794,67.33089073151046,0.3059227578742217
-0.10333454275633899,0.35885888959083295,67.32892251450438,0.30606746137858415
-0.10400743159808806,0.3587770086995745,67.3245604680379,0.30606052255126975
-0.10448528040478601,0.36322960943763455,67.32146287405592,0.30643770209977944
-0.10500743920603932,0.36317691936566815,67.31807813452987,0.30643324048345955
-0.10544089685736668,0.36497275607624285,67.31526844429652,0.30658528199321045
-0.10659881698201304,0.36547386926081016,67.30776307394217,0.3066276991190139
-0.10609780670942066,0.3664340651060749,67.31101045011349,0.3067089649270947
-0.10665300494204424,0.3665442651942349,67.3074118514178,0.3067182907656617
-0.10745484557539071,0.36950545036220045,67.30221479187756,0.3069688153406536
-0.10741903081650972,0.36960781097315176,67.30244691732736,0.30697747291866834
-0.10873586474793086,0.37190315298679216,67.2939124435792,0.3071715684922643
-0.10898123968434106,0.37510279295257276,67.29232222225264,0.30744199534190275
-0.10931501659860347,0.37573342504643475,67.29015912113897,0.30749527616358596
-0.10939410909462244,0.3762217082349126,67.28964655381647,0.3075365259311653
-0.11063922609696457,0.3775506817713941,67.28157773377474,0.30764877755885334
-0.11065159426903294,0.38048163677873725,67.28149758620643,0.3078962419151068
-0.11082086890460721,0.37998548855350756,67.28040066725927,0.3078543610307263
-0.11155367739297811,0.381715677722789,67.27565210342387,0.308000392881179
-0.11185688488619276,0.38313868171570264,67.27368739005514,0.30812046191986314
-0.11202871324065868,0.38420963659084684,67.27257399742948,0.30821080473560647
-0.112181589285942,0.3841178083449015,67.27158341868713,0.30820305907562157
-0.11223830836886961,0.385459728256244,67.27121590271754,0.3083162358135226
-0.11289228470075638,0.3849069269225757,67.26697849377224,0.30826961636990285
-0.11291705891023107,0.38567511252013403,67.26681797351091,0.3083343985058542
-0.113447269324692,0.3868968676754737,67.26338261948163,0.30843741124675017
-0.11352939061409162,0.38722739848543897,67.26285054616322,0.3084652759455218
-0.11357121330199534,0.3889273921277243,67.26257957309018,0.30860856245032114
-0.1136101484721054,0.38868043324484336,67.2623273090905,0.30858775005125005
-0.11426609263109996,0.3887774948486944,67.25807747973258,0.30859593001172514
-0.11456011353872725,0.39125725568645836,67.2561725845797,0.30880486246725114
-0.11525641042091211,0.39191580483912114,67.25166156206501,0.30886033178969413
-0.11683603004847719,0.3955127656596173,67.2414285250682,0.3091631773069223
-0.11695315661211655,0.39731062721053356,67.24066979723736,0.30931446838788523
-0.11725674650905626,0.39854407912840806,67.23870321284255,0.30941823324549195
-0.11713372897804394,0.3987092118564679,67.23950008744755,0.3094321232231227
-0.11723191381258552,0.39905093076928533,67.23886407193444,0.3094608651412826
-0.11829207252660669,0.3998806621985181,67.23199687635316,0.309530645654969
-0.11820019748325086,0.40011725425398276,67.2325919814978,0.30955054098332824
-0.11785410297150227,0.4006407554089644,67.234833779461,0.30959455956086374
-0.11879390192201852,0.40168664295882966,67.22874641789647,0.3096824893349105
-0.11855283100762863,0.4016861086788791,67.23030787474019,0.3096824444216183
-0.11871121218778535,0.4051234124395362,67.2292820106937,0.3099712965833312
-0.11912641121543878,0.4038331396868396,67.22659273595166,0.30986289230749636
-0.11909768401028126,0.4039017658612412,67.226778802043,0.3098686587448754
-0.11984897997747744,0.40616666973328835,67.22191276328728,0.3100589270399985
-0.11999480927211968,0.4066080616880886,67.22096827268547,0.3100959971182382
-0.12037083791223148,0.40862556650328047,67.21853289123037,0.31026539440748385
-0.12109073493530277,0.40874210625197066,67.21387057068284,0.3102751774222352
-0.12124212721579626,0.41134926624069534,67.2128901238245,0.3104939771938804
-0.12156717875575491,0.41168156339580914,67.21078505505066,0.3105218561540539
-0.12199732916127472,0.41275990443194793,67.20799941858279,0.31061231350566226
-0.12233884661641864,0.4133992083477743,67.20578781745807,0.31066593256918695
-0.12237254945845123,0.4135719573973253,67.20556956685736,0.3106804200075576
-0.12268854818447975,0.41520483840995137,67.20352326541392,0.3108173348220954
-0.1230955028475036,0.4150046666822284,67.20088802229841,0.31080055315678407
-0.12358922832579111,0.4167000181729043,67.19769098154524,0.3109426634560439
-0.12390455907146648,0.4197409244709618,67.19564915844188,0.31119743879651185
-0.12466309352709237,0.41911900676064245,67.19073767523366,0.3111453458494466
-0.12457442759930583,0.42027860503105713,67.19131177197117,0.31124247048771975
-0.12487810200472477,0.4211058254292039,67.18934554522923,0.31131174185554655
-0.12584135489673778,0.42238698811379627,67.18310893583042,0.3114190028400979
-0.12614048726588448,0.42451212695834034,67.18117227112096,0.31159685976498214
-0.12630744112667883,0.42487888712868255,67.18009138205896,0.31162754663714454
-0.12657726845839348,0.42570809043498614,67.17834449587234,0.3116969175020795
-0.12742878142807795,0.4273752382402715,67.17283192068747,0.3118363539937944
-0.12771755929477654,0.42899317176013496,67.17096248112061,0.3119716275370008
-0.12856947941403266,0.43161132564495397,67.16544767077116,0.3121904303416686
-0.12888055851904515,0.4323779755753834,67.16343400977388,0.31225447734693174
-0.129856395264238,0.4355018992790032,67.15711753637922,0.3125153460548265
-0.13007030334676145,0.4357529255623077,67.1557329884947,0.31253630087728157
-0.1302482061383564,0.43793110567359195,67.15458150418733,0.31271808053273437
-0.1303799018175592,0.43810444882614846,67.1537291061998,0.3127325431962062
-0.1306035662410088,0.43773037412919175,67.15228145886695,0.31270133207879286
-0.1311324776314157,0.43886440485318295,67.14885821278351,0.3127959427699737
-0.13121252540486222,0.43975516055584635,67.14834013399846,0.3128702411016934
-0.13143473072618145,0.4414318342602265,67.14690200876677,0.31301005433854945
-0.13168732996925323,0.4414357008670664,67.1452671978494,0.3130103767055547
-0.1324100192798382,0.44229881870108356,67.1405901353362,0.3130823298443546
-0.13334811862371773,0.4452980807474855,67.13451932699839,0.31333225575014717
-0.13494021882086388,0.44847233058003005,67.12421709209504,0.3135965844341386
-0.13496770190939855,0.4503559066392736,67.12403926293076,0.31375334771305813
-0.1349598658023564,0.4535591571007496,67.12408996638217,0.3140197925078802
-0.135223383389588,0.45196961323688173,67.12238489319424,0.3138875987380808
-0.13501934094691811,0.4518847027428336,67.12370513373003,0.31388053587607656
-0.13549896515924872,0.4522262144426329,67.120601791957,0.31390894203788733
-0.13695395791481269,0.45485005580355725,67.11118808112458,0.31412711511162605
-0.13648509279434307,0.4562444420587018,67.1142215069272,0.31424300665536836
-0.13683374067018106,0.4561225370153341,67.11196584371717,0.31423287621253754
-0.13725174618477295,0.4572364569534488,67.10926152502513,0.3143254338797172
-0.13726310042534076,0.45906286720001094,67.10918806897561,0.3144771435307583
-0.13767641219743298,0.45883270310404517,67.10651419504644,0.31445802852778704
-0.13772152705159554,0.46141576874533,67.10622233417577,0.31467249371845757
-0.1382002359741746,0.45998462910868765,67.10312548532049,0.3145536854056165
-0.13876556612181593,0.4629272501421225,67.09946840087046,0.314797929881172
-0.13877245426260454,0.4633038297528116,67.09942384281163,0.314829175101339
-0.1392895249319479,0.46336601355268664,67.09607907281195,0.31483433430134344
-0.13974405407287785,0.46556187139426897,67.09313896388792,0.3150164710403127
-0.1402853530178236,0.466385946720205,67.08963770857365,0.3150848008848929
-0.14030568673942145,0.4673375054262889,67.08950618762171,0.3151636852225723
-0.1405331459309206,0.46768515128634897,67.08803496704209,0.31519250081391076
-0.1411490525775439,0.4694541503079269,67.08405136146146,0.31533909353434875
-0.1411257507301987,0.4701534508510249,67.08420207169436,0.315397026427284
-0.14149586968445768,0.4702058653362563,67.08180826870814,0.31540136827923587
-0.14154354516239237,0.4705882976095792,67.08149992454594,0.315433046181654
-0.14155121999256895,0.47080076861599596,67.08145028719447,0.3154506445220205
-0.1417394954381394,0.4714668567274174,67.08023261468261,0.3155058090123029
-0.14220554272684896,0.4724820769416653,67.07721852101378,0.31558987177515024
-0.1423264077645184,0.4732436081290124,67.07643686007222,0.31565291546515967
-0.14269128542141363,0.47487589840289746,67.07407715626991,0.315788007735694
-0.14284555474453378,0.47503234842431585,67.07307949808337,0.31580095321969065
-0.1429803606401695,0.47586520150405287,67.07220771867384,0.315869859840577
-0.14298079623068174,0.47568672717039495,67.07220490175692,0.3158550947823937
-0.14325230038408646,0.47559740274866197,67.07044913069639,0.31584770480374474
-0.1441779839908312,0.47732333473175514,67.06446314927211,0.3159904671234118
-0.14609841034777238,0.4816098543813673,67.05204588647767,0.3163447812089934
-0.14616478698105992,0.4864085149026726,67.05161673352201,0.3167410021104513
-0.14691623125626613,0.48665191472630426,67.04675847420847,0.31676108735973746
-0.14701590754411967,0.48759097693776976,67.0461140642619,0.31683856743440764
-0.14770360492564952,0.4888917339575033,67.04166821034737,0.3169458614593215
-0.14787764680694712,0.48919472299993344,67.04054309303294,0.3169708489625025
-0.14766782990134408,0.4894597098165491,67.0418994846266,0.31699270093416726
-0.1477546865919938,0.4893578725595177,67.04133798449922,0.31698430315297216
-0.14800350644748841,0.48974907029509734,67.03972946534336,0.3170165612775476
-0.14814677086619185,0.4906973254704072,67.03880333255893,0.31709474172395674
-0.14900075463480064,0.49206663876827395,67.03328295863528,0.3172076055229399
-0.1489050007076486,0.4921192561258185,67.03390191959377,0.3172119416945713
-0.14872665116694506,0.4926839206508752,67.03505479687078,0.3172584719665827
-0.1487037357575176,0.49375878949250446,67.03520292650501,0.3173470272674025
-0.14875300146734047,0.4926429011415362,67.03488446374911,0.31725509203350766
-0.14959191691746865,0.4937827509728226,67.0294617365886,0.31734900112143344
-0.15011330779165108,0.4961567928850462,67.02609165085356,0.31754450868912487
-0.15104197256350982,0.4981860817589449,67.02008941737613,0.317711535680775
-0.1512871932439911,0.5008630851748621,67.01850455403019,0.3179317482909285
-0.15208179836591298,0.5013145949943782,67.01336921618632,0.3179688756474
-0.15246029737036937,0.5044589188782956,67.01092317882622,0.31822731703423246
-0.1528259923387812,0.5043222228415329,67.0085599540301,0.31821608574239546
-0.15341696042893235,0.5068364543185007,67.00474108969301,0.3184226006214825
-0.1534903517721414,0.5069559933672789,67.00426684333634,0.3184324161611387
-0.15378652503005788,0.5076528058216561,67.00235303315854,0.31848962673180814
-0.15408255620960515,0.5083005174061671,67.00044018452878,0.3185427970778402
-0.15389559845132444,0.508390414366213,67.00164823428301,0.3185501760010148
-0.15396788464656455,0.508295919110764,67.0011811463915,0.31854241963607355
-0.15470705162282816,0.5100327211480988,66.99640505926457,0.31868495076332026
-0.15502972105205037,0.5113960409410805,66.99432023371126,0.31879678869649086
-0.15494201583168077,0.5115453864286029,66.99488690786032,0.31880903771672564
-0.15507823934291268,0.5123481915552581,66.99400675275523,0.31887487434863193
-0.15510379035921004,0.5121242446803302,66.99384166585871,0.31885651019236555
-0.15511361334064222,0.5124926167209681,66.99377819897815,0.3188867169958945
-0.15513871460785064,0.5126482286256878,66.99361601838305,0.3188994764589533
-0.15503925571980315,0.5126009015608106,66.99425862928915,0.31889559590921973
-0.15519754744581296,0.5122669746625,66.99323589758708,0.31886821449669217
-0.15529549132957138,0.5121615095388743,66.99260308294967,0.3188595660675438
-0.1561588294547996,0.514027117116909,66.98702527042836,0.3190125172213264
-0.15629329038316775,0.5152912776217506,66.98615658559035,0.3191161181897879
-0.15725940606983793,0.5170771707207958,66.9799152634519,0.31926242011497624
-0.1573792245101476,0.5195095457911738,66.97914124260708,0.31946157609802256
-0.15791973023177416,0.5195604099185802,66.97564969457886,0.31946573939706335
-0.15817828121788863,0.5217656207394106,66.97397956464803,0.319646187152914
-0.15849055442195373,0.5217437402644692,66.97196245737187,0.3196443972176678
-0.15901551478602094,0.5229765826893104,66.96857162432161,0.31974523447237685
-0.15917781516608054,0.5261178644517874,66.96752331946327,0.32000202393833527
-0.15956589324393355,0.5249428296068371,66.96501676193884,0.3199059929192644
-0.15947480397509747,0.5254537664502245,66.96560509147525,0.3199477533580704
-0.1596508822904261,0.5255087700206281,66.96446783651109,0.31995224864231914
-0.15990729972507928,0.5266437677966886,66.96281171561994,0.3200449945741809
-0.15990508855020552,0.5269010106413231,66.96282599676971,0.32006601131576873
-0.15994630185402953,0.5276954970802575,66.9625598159011,0.3201309120692254
-0.15986418092145016,0.5269580749807439,66.9630902042662,0.3200706732839088
-0.16016539016280637,0.5271553573275237,66.96114482353232,0.32008679007241225
-0.16010755321717435,0.5272660517010188,66.96151836381925,0.32009583278232234
-0.16065769056821053,0.5281921512315112,66.95796536813629,0.3201714764665725
-0.16142902682789903,0.5308879498117856,66.95298404994887,0.3203915659195391
-0.16155580160112087,0.5325562672873574,66.9521653633298,0.32052769309473145
-0.16216703873527213,0.5324545613732761,66.94821823132654,0.32051939604049606
-0.16170649575912174,0.5329758743905755,66.95119222089815,0.3205619218492908
-0.16206958449291659,0.5326733527051019,66.94884753991084,0.32053724451976007
-0.16268841379161667,0.534158970732506,66.94485154794766,0.32065841083221236
-0.1629914748832662,0.5362449563457221,66.94289465222354,0.32082846356700484
-0.16287342789662887,0.5364255479457304,66.9436568876723,0.3208431813063445
-0.16306168323835687,0.5361892352352575,66.94244131674243,0.32082392230286394
-0.16307427801377694,0.5372296142821223,66.94235999252768,0.3209087021393058
-0.1633793359928247,0.5373677399553703,66.94039026468296,0.32091995617493585
-0.1632814362139455,0.5375600042643526,66.9410223881054,0.3209356205734478
-0.16354770904659002,0.537117841547621,66.93930311824532,0.3208995949578508
-0.16376767177714197,0.5392669888562692,66.937882891524,0.321074659467497
-0.16407836843948942,0.5388916592227797,66.93587686925922,0.3210440931221337
-0.1645383314626945,0.5410247478862789,66.93290719798203,0.32121776879853675
-0.16485394149320268,0.541242230600764,66.93086958154268,0.3212354707106219
-0.1652252494735935,0.5433014608494157,66.92847244013721,0.32140303041705603
-0.1656542132535902,0.5439503753431678,66.92570316779401,0.32145581369388493
-0.1657376764658573,0.546140557473104,66.92516436362024,0.3216338978593863
-0.16604052751564152,0.5448800696708581,66.9232093130281,0.3215314200039063
-0.16656983474330558,0.5470053445341013,66.91979249565145,0.3217041852809362
-0.16720710327603946,0.5479835682850572,66.91567895907248,0.3217836729603173
-0.16718798147966993,0.5484051660296,66.91580238613605,0.32181792438635026
-0.16710317228741456,0.5482233291870708,66.916349813518,0.3218031520789445
-0.16776226964319219,0.5499418260603179,66.91209556605337,0.321942732937395
-0.16816953521878514,0.5517503290434219,66.90946692362357,0.32208955485621205
-0.16876554155262793,0.5528701027833799,66.90562024057228,0.3221804270282192
-0.16868307401339178,0.5538520377905384,66.9061524826301,0.32226009070402956
-0.1686269543259056,0.5536608150956449,66.9065146788638,0.3222445786005472
-0.1688248558476609,0.5537360788188751,66.90523743087107,0.3222506841359867
-0.16940188555061497,0.5548153541676099,66.90151342734843,0.32233822333867457
-0.1699508621021627,0.5574717078904458,66.89797064029464,0.3225535692433652
-0.17033000038924986,0.5585660526914968,66.89552399045209,0.3226422406838483
-0.17049796268070408,0.5589084620883499,66.89444012374356,0.32266997965559796
-0.1706630037030888,0.5601184072318427,66.89337512316966,0.32276797794565254
-0.1710351213802074,0.5602347027792312,66.89097392333598,0.3227773954827883
-0.1711206875068813,0.5616316836453331,66.89042179326282,0.3228904986942225
-0.17154877785248554,0.5619322070833921,66.8876595276513,0.32291482420754747
-0.17223074654824172,0.5637964950067377,66.8832593135568,0.3230656820299178
-0.17234623017598377,0.5649823306704076,66.88251421293315,0.3231615994539825
-0.17233153193695466,0.5652187787644801,66.88260904559344,0.3231807210378865
-0.17235244797851165,0.5653360782501876,66.88247409586717,0.3231902065985636
-0.1725981101860996,0.5652812179608436,66.88088910821259,0.32318577029496937
-0.17264691252285172,0.5657086947001393,66.88057424447342,0.32322033663265837
-0.1729833980621766,0.5667940357752463,66.87840333742923,0.32330808045918924
-0.17314947090465302,0.5669795537695093,66.87733190686839,0.3233230759342565
-0.17316058456552533,0.5674060808883447,66.87726020685622,0.32335754933549254
-0.17343401736630587,0.5678663315077428,66.87549617119292,0.3233947438295475
-0.1742914785245815,0.5696603884535744,66.86996458172969,0.3235396827525788
-0.17463760860243555,0.5729108110884608,66.86773176988221,0.3238020952867279
-0.1749314071854496,0.5732443484198866,66.86583659023859,0.3238290089303084
-0.17511423452406075,0.573371880177362,66.86465726716459,0.3238392990033829
-0.1749747657443447,0.5735893521664857,66.86555690526055,0.3238568451814405
-0.17521261987592177,0.5735819176921455,66.86402264275931,0.32385624536724383
-0.17575988704987391,0.5747189086207661,66.86049265285058,0.32394796344733867
-0.17620391003826733,0.5773613361498507,66.85762873434558,0.32416100842953427
-0.1763161671776088,0.5773029009353842,66.85690470100892,0.32415629881391095
-0.1762969056867743,0.5773977107378454,66.85702893279101,0.3241639400187853
-0.17637458044481555,0.5783118576550635,66.8565279513813,0.3242376053293186
-0.17659516007842851,0.5780875691653994,66.85510529042058,0.32421953309333873
-0.17680874937876723,0.5785971145572482,66.85372774098428,0.3242605884994392
-0.1768248802696931,0.5789592101621236,66.85362370546049,0.32428975991155634
-0.1770563148903589,0.5800305552207947,66.85213109360339,0.32437605297114536
-0.17757989116259243,0.5803949707409266,66.84875445925822,0.3244053994113606
-0.17789620957152114,0.5832019812779303,66.84671454271773,0.3246313471178162
-0.1779134643895772,0.5831924843252292,66.84660326918053,0.3246305829721816
-0.1780630417413579,0.5824249060885209,66.8456386761172,0.3245688151412961
-0.17786987439801993,0.582697565709886,66.84688437433024,0.3245907578876248
-0.17805999504148787,0.5828331801112964,66.84565832351977,0.3246016710557396
-0.17878929865531998,0.583878349620874,66.84095537945925,0.32468576390293147
-0.17842815016382035,0.5839058453415182,66.8432842220734,0.32468797583270576
-0.17828051898375108,0.5835906148800182,66.84423623371613,0.32466261566373905
-0.17855926455313476,0.5840480083509806,66.84243873078071,0.32469941204939123
-0.17944308206139453,0.585763980374769,66.83673969042945,0.32483741592644183
-0.18000765528110574,0.5895121795572302,66.83309943986072,0.3251386232223336
-0.17993920355409904,0.5895992823812364,66.83354079252786,0.32514561901447725
-0.18006362006187013,0.5892337042916952,66.8327386006472,0.32511625589825305
-0.18029740568760627,0.5900286509082927,66.83123126116595,0.3251801018306582
-0.1804727668437007,0.5901996908722031,66.8301006359096,0.3251938369594535
-0.18040189677958848,0.5899598219836856,66.83055756211621,0.32517457442854253
-0.1805160772692556,0.5905873888905574,66.82982139858937,0.32522496802011147
-0.1806904687564156,0.5908546647359216,66.8286970472657,0.3252464275019886
-0.18093239027982633,0.5922682953566814,66.82713733992287,0.325359899996461
-0.18146574686466738,0.5927935916457606,66.82369882373881,0.32540205390847016
-0.18140104082012404,0.5931361924818227,66.82411597068213,0.3254295434626284
-0.1815475721575659,0.5936143077016769,66.8231713159183,0.32546790186290153
-0.18151610907995144,0.5940293511027175,66.82337415028755,0.3255011958265442
-0.18163120742947805,0.5938748015866753,66.82263214364002,0.32548879863480223
-0.18171477232666225,0.5946326793918754,66.82209342912597,0.32554958652110394
-0.18203638554272122,0.5949088001853798,66.82002013601446,0.32557173031985226
-0.18277938834002977,0.5964032768713519,66.81523056885753,0.32569155077954653
-0.1827464010019735,0.5971829299627069,66.81544320596602,0.32575403930123964
-0.18353367604290177,0.5989200390447635,66.81036858834452,0.3258932162657406
-0.1843446758400871,0.6017314249413822,66.8051414279723,0.32611831514749007
-0.18471232121610684,0.6041319380495594,66.80277196087779,0.3263103705091229
-0.1850422695523137,0.6046934925126183,66.80064551875346,0.32635527872690845
-0.18534569777286186,0.6053247129348773,66.79869004988527,0.32640574938500283
-0.18552109623166743,0.6059544511811717,66.79755970466309,0.3264560922079393
-0.18571570886215572,0.606449378212621,66.796305556285,0.3264956513500475
-0.18579119028710017,0.6078794452036194,66.7958191350133,0.32660992313545517
-0.1861520795899339,0.60740038491772,66.79349352067594,0.3265716484213937
-0.18615845442609805,0.609606487894269,66.79345244115996,0.32674786099855285
-0.18618313087808022,0.6083964500171424,66.79329342605487,0.32665122337619845
-0.18661127685604964,0.6091247040800383,66.79053451055529,0.3267093882907912
-0.18736626232277037,0.6114008840390964,66.7856697529451,0.32689110374064795
-0.18808118109428676,0.6133470504091625,66.78106348176786,0.32704637582922597
-0.18802491668001572,0.6145730733642639,66.78142598610836,0.3271441461951107
-0.18856808463077626,0.6146977578031239,66.77792650523189,0.3271540872745956
-0.18867347500147347,0.6163613854537017,66.77724752490508,0.3272866927950302
-0.18861581068961852,0.6162364116296524,66.77761902796742,0.3272767335872671
-0.1886507061394518,0.6164337983112416,66.77739421334746,0.32729246323082745
-0.18881178689555844,0.6166482155740604,66.77635645698254,0.32730954898141756
-0.18908802053712304,0.6172140446036118,66.77457686936697,0.3273546315743933
-0.18937812599433743,0.6179454376663082,66.77270796485804,0.3274128942224556
-0.18978891859037797,0.6196221004706582,66.77006166258883,0.32754640872162527
-0.18978548269097828,0.6197287979578407,66.77008379602887,0.3275549028868033
-0.18986671250388676,0.6202390844965144,66.76956053024976,0.3275955229298771
-0.18980208130540052,0.6206056325093704,66.76997687083534,0.3276246971944121
-0.19025939248013543,0.6207196206318182,66.76703102321802,0.327633769073907
-0.1908324117827439,0.6225619746293368,66.76334000242387,0.3277803518284949
-0.19156876112552762,0.6241986140262231,66.75859721031325,0.3279104990722044
-0.19188318888155678,0.6273043994361241,66.75657209718769,0.3281572971908836
-0.19225038165908792,0.6269876123201871,66.75420722113176,0.32813213466436925
-0.19207382599380027,0.6276485764993278,66.75534430355984,0.3281846325675346
-0.1920153778197489,0.6273238130362657,66.75572073520472,0.32815883914213284
-0.19209084527621167,0.6268912347932967,66.75523469237979,0.32812447887889373
-0.1922969582149069,0.6273791867363512,66.75390725444991,0.32816323722262924
-0.1928941939124493,0.6290606515484066,66.75006100016255,0.3282967530497854
-0.19282881178379038,0.6294514226871857,66.75048205649117,0.3283277722423181
-0.19302855842219782,0.6303081630536372,66.749195710442,0.3283957668809633
-0.19311981246467003,0.630690141551804,66.7486080528226,0.3284260766274119
-0.19319391009746376,0.6307807318790795,66.74813088281698,0.3284332643927699
-0.1931803885517758,0.6310662545526304,66.7482179578958,0.328455917497082
-0.19311428456118762,0.6308066997715753,66.74864365125869,0.3284353247429472
-0.19313181001099758,0.6305658605652735,66.74853079142913,0.3284162153994402
-0.1930915526823365,0.6308508318701341,66.74879003956663,0.32843882624403986
-0.19310951676660748,0.6301726554294206,66.74867435478225,0.328385013589732
-0.1934389949112588,0.6312574516144853,66.74655262289448,0.3284710857903838
-0.19362637413281264,0.6321892343844028,66.74534599182634,0.32854499450417635
-0.19355296005468078,0.6318404854120377,66.74581874019103,0.3285173343120993
-0.19386377511885927,0.6323546395645879,66.74381727625827,0.32855811218935876
-0.1940315907276723,0.6337213778035561,66.74273666864957,0.32866647782017205
-0.19397440577634426,0.6338166271874656,66.74310489520187,0.32867402823990494
-0.19411501311554005,0.6338022910553334,66.74219949709158,0.3286728918286501
-0.1941404610103975,0.6342206126451302,66.74203563444405,0.328706049719667
-0.19426279114829567,0.63432458622105,66.74124793876105,0.3287142904328756
-0.1946161267167465,0.634683983432126,66.73897282900552,0.32874277342661046
-0.19474057705576242,0.6359155437511957,66.7381715181637,0.32884035335185
-0.19475584829012435,0.6357320136783425,66.73807319040665,0.3288258140999654
-0.19476926019535937,0.6355667935431056,66.73798683453703,0.32881272465926903
-0.1946514819110721,0.6364412113093416,66.73874518299662,0.32888199219082864
-0.19472591590086538,0.6361049983689243,66.73826591790485,0.328855361085052
-0.194820158016141,0.6357646211334191,66.73765911735012,0.32882839732243224
-0.19484401830735493,0.6360004147739694,66.73750548799988,0.32884707655646817
-0.19518575525516754,0.636355125878543,66.73530518406139,0.32887517370861646
-0.19531668475970415,0.6378403309261227,66.7344622020974,0.3289927855016795
-0.19561862295124688,0.637947648218219,66.73251823166616,0.32900128175661053
-0.19577323806788527,0.6393525650859694,66.73152279440284,0.3291124823397904
-0.19575834762010494,0.6387987751097852,66.7316186608737,0.3290686550685646
-0.1960173010605823,0.6397542196722124,66.72995150773535,0.3291442648300312
-0.19633619050047174,0.6402395227950776,66.72789854206721,0.3291826610689986
-0.19632621687418586,0.6401089949769238,66.72796274991009,0.3291723345289644
-0.19672521794041223,0.6416433859527414,66.72539412450769,0.3292936994984458
-0.19719032846855758,0.6428079337787441,66.72240003701037,0.32938577261594376
-0.19718850347446465,0.6441007442556492,66.72241178490118,0.3294879475908546
-0.1974879964675198,0.6434751616583758,66.72048391044541,0.3294385109147225
-0.19787251329429353,0.6456187049754684,66.71800881009625,0.32960786442431733
-0.1981808226443287,0.6463141598766543,66.71602431822988,0.32966278545343664
-0.19866482888473314,0.6476876473998872,66.71290904178817,0.3297712165969325
-0.1992296867812143,0.6492434459960181,66.70927355742094,0.32989398414911014
-0.19936358333804505,0.6509573816270618,66.70841181508024,0.33002916089761863
-0.19923108785259064,0.6508269882097774,66.70926454023261,0.3300188794298691
-0.19928815935578698,0.6500381321151308,66.7088972334646,0.32995666946246704
-0.19933033702141598,0.6501804594901495,66.70862578335681,0.32996789467920473
-0.1994015702270862,0.6499346894776034,66.70816733806014,0.3299485107309669
-0.19990819538423585,0.6512918933119993,66.70490687483827,0.3300555350794124
-0.2006048677044755,0.6537200108784668,66.70042360301473,0.3302468939088789
-0.20052767047811684,0.6542608491875278,66.7009203723525,0.3302894971739178
-0.2003726792694641,0.6542402785559912,66.70191776276197,0.33028787690396405
-0.2002369782638538,0.6538706631145481,66.70279103065319,0.3302587619154029
-0.2001882877855997,0.6535002853148926,66.70310436821696,0.33022958346633224
-0.20036559487266278,0.653396402748279,66.70196335222913,0.3302213989610494
-0.20071825676009974,0.6544434542544872,66.69969394377559,0.3303038798148305
-0.20075015751656952,0.6546427711172714,66.69948866371168,0.33031957779034354
-0.20128866989417568,0.6556441659469497,66.69602345752655,0.33039843156716675
-0.20140709362113046,0.6578196333308903,66.69526145253398,0.33056965028352925
-0.20198453012310924,0.6583424838995273,66.69154603052871,0.33061078327775717
-0.20170096254569717,0.6584557682155558,66.69337057340779,0.33061969452798584
-0.20181617231281235,0.658027588175657,66.69262927942142,0.3305860110446141
-0.20159174427553062,0.6580263609448517,66.69407332424277,0.3305859144959095
-0.2016640738554567,0.6575034940755718,66.69360792805203,0.3305447760892424
-0.2017330202901211,0.6584276805575159,66.69316430346139,0.33061748510686373
-0.20170294801863017,0.6579433866971438,66.69335779821034,0.33057938665842723
-0.20179261770872373,0.6581850534899455,66.69278083606757,0.33059839884391734
-0.20211708338747916,0.6589519078981392,66.69069316838748,0.33065871843514505
-0.20210818292392355,0.6596451552023677,66.69075043458297,0.3307132355449828
